id,name,identity
1,'Zorina ',1
2,'Zhen Abu-Zahra',1
3,'Zhanetta Adeyeye',1
4,'Yunzhe Afonso',1
5,'Youngjin Ahn',1
6,'Yu Ahn',1
7,'Yoon Akin-Aderibigbe',1
8,'Yookyung Alexander',1
9,'Yi-Shiuan Alsamdan',1
10,'Yingda Alter',1
11,'Ying Altmann',1
12,'Yi-Feng Alvarez',1
13,'Yi Aramendia',1
14,'Yaya Ashkenazi',1
15,'Yat-Lun Atri',1
16,'Yasuhiro Au',1
17,'Yanwen Aurori',1
18,'Yan Austin',1
19,'Ya-Han Bagdat',1
20,'Yael Bala',1
21,'Wushen Banovac',1
22,'Won Barakat',1
23,'Won Barnes',1
24,'William Barrett',1
25,'Willem Baxter',1
26,'William Baxter',1
27,'Wei Beatty',1
28,'Wayne Bechrakis',1
29,'Vivek Beistegui',1
30,'Viacheslav Benchimol',1
31,'Valle Berkman',1
32,'Uros Birkhofer',1
33,'Trent Blakely',1
34,'Tobias Blattman',1
35,'Timothy Bolton',1
36,'Tiffanie Bosson',1
37,'Thomas Brandt',1
38,'Thomas Braun',1
39,'Theodore Brodsky',1
40,'Thavin Bromberg',1
41,'Ted Brown',1
42,'Thanadtha Brown',1
43,'Taylor Buckley',1
44,'Taryn Canal',1
45,'Tara Cantrock',1
46,'Tanzeer Cao',1
47,'Tae Carrillo',1
48,'Tadamitsu Carrow',1
49,'Sung Casasayas',1
50,'Suanne Cautero',1
51,'Stuti Cha',1
52,'Stephen Chan',1
53,'Steven Chan',1
54,'Sompop Chang',1
55,'Spencer Chang',1
56,'Stephanie Chang',1
57,'Simond Chat',1
58,'Simon Chau',1
59,'Shiv Chayet',1
60,'Shannon Cheesebro',1
61,'Scott Chen',1
62,'Se Chen',1
63,'Sean Chen',1
64,'Seth Chen',1
65,'Sevag Chen',1
66,'Scott Cheng',1
67,'Satiya Cheung',1
68,'Sarah Chin',1
69,'Sara Chomitz',1
70,'Samuel Chou',1
71,'Sang Chou',1
72,'Sangjo Chou',1
73,'Samantha Chu',1
74,'Samaneh Chua',1
75,'Salas Chung',1
76,'Saeed Cilento',1
77,'Ryan Clark',1
78,'Sachie Clark',1
79,'Ryan Cloke',1
80,'Rui Cockle',1
81,'Roger Cooney',1
82,'Roger Coyle',1
83,'Rodriguez Crabtree',1
84,'Robert Crunelle',1
85,'Robert Cruse',1
86,'Robert Cusnir',1
87,'Robert Dahmubed',1
88,'Robert Darby',1
89,'Robert Davidowitz',1
90,'Rikin Davis',1
91,'Richard Dean',1
92,'Richard Del',1
93,'Remy Deomampo',1
94,'Rahul Dickstein',1
95,'Radu Donahue',1
96,'Preston Doorey',1
97,'Phill Doyle',1
98,'Philip Druckman',1
99,'Philip Duncan',1
100,'Peter Elia',1
101,'Peter Erickson',1
102,'Peter Espinosa',1
103,'Peter Ferrero',1
104,'Perez Figueiredo',1
105,'Patrick Fixler',1
106,'Patrick Flegal',1
107,'Patino Forsyth',1
108,'Pallavi Fox',1
109,'Owen Franzoni',1
110,'Ophir Friedman',1
111,'Obaid Friis',1
112,'Noelle Fu',1
113,'Noel Gambino',1
114,'Nicole Gao',1
115,'Nishant Gao',1
116,'Nicole Garcia',1
117,'Nicolas Gautam',1
118,'Neto Gautier',1
119,'Negrin Gee',1
120,'Nawaz Georges',1
121,'Nathan Gibb',1
122,'Natalie Glenn',1
123,'Nashat Goswamy',1
124,'Nancy Goto',1
125,'Muge Graves',1
126,'Montero Greene',1
127,'Mohtadi Greer',1
128,'Mohammed Grisi',1
129,'Miho Grobe',1
130,'Michelle Grusq',1
131,'Michael Guerra',1
132,'Michael Guill',1
133,'Michael Guinn',1
134,'Micha Gupta',1
135,'Michael Gupta',1
136,'Maxwell Ha',1
137,'Matthew Hagiwara',1
138,'Matthew Hanan',1
139,'Matthew Hawkins',1
140,'Matthew Hersom',1
141,'Matthew Hertzer',1
142,'Matt Heshmatpour',1
143,'Massimo Himmelfarb',1
144,'Masayoshi Ho',1
145,'Martinez Hofman',1
146,'Martina Hofstee',1
147,'Marshall Hoisington',1
148,'Mark Holtz',1
149,'Marissa Holzman',1
150,'Maria Hong',1
